nombre,correo,rol,contrasena
Ana Sofía Mendoza Ríos,ana.mendoza@demo.example,Docente,1234
Luis Fernando Ortega Salas,luis.ortega@demo.example,Docente,1234
María Elena Castillo Vega,maria.castillo@demo.example,Docente,1234
Diego Alejandro Navarro Cruz,diego.navarro@demo.example,Docente,1234
Valeria Serrano Luna,valeria.serrano@demo.example,Docente,1234
José Manuel Aguilar Reyes,jose.aguilar@demo.example,Docente,1234
Camila Torres Pineda,camila.torres@demo.example,Docente,1234
Ricardo Fuentes Mora,ricardo.fuentes@demo.example,Docente,1234
Lucía Herrera Soto,lucia.herrera@demo.example,Docente,1234
Pablo Andrés Rojas León,pablo.rojas@demo.example,Docente,1234
Elena Vargas Campos,evaluador.snii@demo.example,Evaluador,1234
Héctor Medina Solís,evaluador.prodep@demo.example,Evaluador,1234
Patricia Romero Acosta,evaluador.esdeped@demo.example,Evaluador,1234
Adriana Cabrera Gil,administrador@demo.example,Administrador,1234
Sergio Valdés Peña,superusuario@demo.example,Super Usuario,1234
